﻿{
   "properties":{
      "font":{
         "font_name":"Courier New",
         "font_size":12
      },
      "borders":{
         "type":"simple",
         "color_argb":"255, 255, 106, 0",
         "symbols":[
            {
               "Top":{
                  "Left":"╔",
                  "Right":"╗",
                  "Middle":"╦",
                  "Border":"═"
               },
               "Middle":{
                  "Left":"╠",
                  "Right":"╣",
                  "Middle":"╬",
                  "Border":"║"
               },
               "Bottom":{
                  "Left":"╚",
                  "Right":"╝",
                  "Middle":"╩",
                  "Border":"═"
               },
               "Sides":{
                  "Left":"║",
                  "Right":"║",
                  "Border":"═"
               }
            },
            {
               "Top":{
                  "Left":"┌",
                  "Right":"┐",
                  "Middle":"┬",
                  "Border":"─"
               },
               "Middle":{
                  "Left":"├",
                  "Right":"┤",
                  "Middle":"┼",
                  "Border":"│"
               },
               "Bottom":{
                  "Left":"└",
                  "Right":"┘",
                  "Middle":"┴",
                  "Border":"─"
               },
               "Sides":{
                  "Left":"│",
                  "Right":"│",
                  "Border":"─"
               }
            }
         ]
      },
      "table":{
         "backcolor_argb":"128, 0, 0, 0",
         "forecolor_argb":"255, 255, 106, 0",
         "cell_padding":1,
         "cell_height":30
      }
   },
   "header":{
      "title":"BLUE'S NAV ROUTE v0.1",
      "width":100,
      "length":27,
      "backcolor_argb":"128, 0, 0, 0",
      "forecolor_argb":"255,255,255,255"
   },
   "columns":[
      {
         "title":"System Name",
         "field":"system_name",
         "type":"string",
         "width":150,
         "length":16,
         "align":"center",
         "format":null
      },
      {
         "title":"Jumps",
         "field":"jumps",
         "type":"int",
         "width":80,
         "length":5,
         "align":"center",
         "format":"{0:00}"
      },
      {
         "title":"Lenght",
         "field":"jump_len",
         "type":"decimal",
         "width":100,
         "length":8,
         "align":"center",
         "format":"{0:00.00} ly"
      },
      {
         "title":"Star Type",
         "field":"star_type",
         "type":"string",
         "width":250,
         "length":24,
         "align":"left",
         "format":null
      },
      {
         "title":"Scoop",
         "field":"scoop",
         "type":"boolean",
         "width":80,
         "length":5,
         "align":"right",
         "format":""
      }
   ],
   "summary":[
      {
         "field":"jumps",
         "agregate":"FIRST",
         "format":"{0:00}"
      },
      {
         "field":"jump_len",
         "agregate":"SUM",
         "format":"{0:00.00} ly"
      },
      {
         "field":"star_type",
         "agregate":"COUNT",
         "format":"{0:n0} registers."
      }
   ],
   "footer":{
      "title":"Total Distance:  69,10 ly ",
      "width":300,
      "length":35,
      "forecolor_argb":"255,255,255,255",
      "backcolor_argb":"128, 0, 0, 0"
   },
   "data":[
      {
         "system_name":"HIP 20485",
         "jumps":3,
         "jump_len":0.0,
         "star_type":"K (Yellow-Orange) Star",
         "scoop":true
      },
      {
         "system_name":"HR 1201",
         "jumps":2,
         "jump_len":26.3478,
         "star_type":"F (White) Star",
         "scoop":false
      },
      {
         "system_name":"Zhonvenk",
         "jumps":1,
         "jump_len":24.97132,
         "star_type":"M (Red dwarf) Star",
         "scoop":true
      },
    {
      "system_name": "GCRV 1568",
      "jumps": 0,
      "jump_len": 17.79667,
      "star_type": "G (White-Yellow) Star",
      "scoop": true
    }
   ]
}